Workbook

Sheet Mosque Performance
A1: Mosque ID | B1: Mosque Name | C1: Location | D1: Imam/Leader Name | E1: Contact Number | F1: Truthfulness (Sidq) | G1: Trustworthiness (Amanah) | H1: Conveying Message (Tabligh) | I1: Wisdom in Dawah (Hikmah) | J1: Patience & Perseverance (Sabr) | K1: Compassion & Mercy (Rahmah) | L1: Good Character (Akhlaq) | M1: Community Service (Khidmat) | N1: Justice & Fairness (Adl) | O1: Encouraging Knowledge (Ilm) | P1: Youth Engagement | Q1: Women’s Participation | R1: Social Outreach Programs | S1: Interfaith Dialogue | T1: Charity & Welfare Activities | U1: Monthly Dawah Programs | V1: Attendance Avg. | W1: Community Feedback (1-5) | X1: Volunteer Training Sessions | Y1: New Learners/Converts | Z1: Online Dawah Activities | AA1: Financial Transparency | AB1: Overall Performance Score
A2: M001 | B2: Mosque 1 | AB2: =ROUND((AVERAGE(F2:T2)*0.6)+((U2+V2+W2+X2+Y2+Z2)/6*0.3)+(IF(AA2="Yes",5,2)*0.1),2)
A3: M002 | B3: Mosque 2 | AB3: =ROUND((AVERAGE(F3:T3)*0.6)+((U3+V3+W3+X3+Y3+Z3)/6*0.3)+(IF(AA3="Yes",5,2)*0.1),2)
A4: M003 | B4: Mosque 3 | AB4: =ROUND((AVERAGE(F4:T4)*0.6)+((U4+V4+W4+X4+Y4+Z4)/6*0.3)+(IF(AA4="Yes",5,2)*0.1),2)
A5: M004 | B5: Mosque 4 | AB5: =ROUND((AVERAGE(F5:T5)*0.6)+((U5+V5+W5+X5+Y5+Z5)/6*0.3)+(IF(AA5="Yes",5,2)*0.1),2)
A6: M005 | B6: Mosque 5 | AB6: =ROUND((AVERAGE(F6:T6)*0.6)+((U6+V6+W6+X6+Y6+Z6)/6*0.3)+(IF(AA6="Yes",5,2)*0.1),2)
A7: M006 | B7: Mosque 6 | AB7: =ROUND((AVERAGE(F7:T7)*0.6)+((U7+V7+W7+X7+Y7+Z7)/6*0.3)+(IF(AA7="Yes",5,2)*0.1),2)
A8: M007 | B8: Mosque 7 | AB8: =ROUND((AVERAGE(F8:T8)*0.6)+((U8+V8+W8+X8+Y8+Z8)/6*0.3)+(IF(AA8="Yes",5,2)*0.1),2)
A9: M008 | B9: Mosque 8 | AB9: =ROUND((AVERAGE(F9:T9)*0.6)+((U9+V9+W9+X9+Y9+Z9)/6*0.3)+(IF(AA9="Yes",5,2)*0.1),2)
A10: M009 | B10: Mosque 9 | AB10: =ROUND((AVERAGE(F10:T10)*0.6)+((U10+V10+W10+X10+Y10+Z10)/6*0.3)+(IF(AA10="Yes",5,2)*0.1),2)
A11: M010 | B11: Mosque 10 | AB11: =ROUND((AVERAGE(F11:T11)*0.6)+((U11+V11+W11+X11+Y11+Z11)/6*0.3)+(IF(AA11="Yes",5,2)*0.1),2)
A12: M011 | B12: Mosque 11 | AB12: =ROUND((AVERAGE(F12:T12)*0.6)+((U12+V12+W12+X12+Y12+Z12)/6*0.3)+(IF(AA12="Yes",5,2)*0.1),2)
A13: M012 | B13: Mosque 12 | AB13: =ROUND((AVERAGE(F13:T13)*0.6)+((U13+V13+W13+X13+Y13+Z13)/6*0.3)+(IF(AA13="Yes",5,2)*0.1),2)
... A38: M037 | B38: Mosque 37 | AB38: =ROUND((AVERAGE(F38:T38)*0.6)+((U38+V38+W38+X38+Y38+Z38)/6*0.3)+(IF(AA38="Yes",5,2)*0.1),2)

Sheet Dashboard
A1: Mosque Name | B1: Overall Score | E1: Top 5 Performing Mosques | H1: Needs Improvement
A2: ='Mosque Performance'!B2 | B2: ='Mosque Performance'!AB2 | E2: =INDEX(A$2:A$38,MATCH(LARGE(B$2:B$38,1),B$2:B$38,0)) | F2: =LARGE(B$2:B$38,1) | H2: =INDEX(A$2:A$38,MATCH(SMALL(B$2:B$38,1),B$2:B$38,0)) | I2: =SMALL(B$2:B$38,1)
A3: ='Mosque Performance'!B3 | B3: ='Mosque Performance'!AB3 | E3: =INDEX(A$2:A$38,MATCH(LARGE(B$2:B$38,2),B$2:B$38,0)) | F3: =LARGE(B$2:B$38,2) | H3: =INDEX(A$2:A$38,MATCH(SMALL(B$2:B$38,2),B$2:B$38,0)) | I3: =SMALL(B$2:B$38,2)
A4: ='Mosque Performance'!B4 | B4: ='Mosque Performance'!AB4 | E4: =INDEX(A$2:A$38,MATCH(LARGE(B$2:B$38,3),B$2:B$38,0)) | F4: =LARGE(B$2:B$38,3) | H4: =INDEX(A$2:A$38,MATCH(SMALL(B$2:B$38,3),B$2:B$38,0)) | I4: =SMALL(B$2:B$38,3)
A5: ='Mosque Performance'!B5 | B5: ='Mosque Performance'!AB5 | E5: =INDEX(A$2:A$38,MATCH(LARGE(B$2:B$38,4),B$2:B$38,0)) | F5: =LARGE(B$2:B$38,4) | H5: =INDEX(A$2:A$38,MATCH(SMALL(B$2:B$38,4),B$2:B$38,0)) | I5: =SMALL(B$2:B$38,4)
A6: ='Mosque Performance'!B6 | B6: ='Mosque Performance'!AB6 | E6: =INDEX(A$2:A$38,MATCH(LARGE(B$2:B$38,5),B$2:B$38,0)) | F6: =LARGE(B$2:B$38,5) | H6: =INDEX(A$2:A$38,MATCH(SMALL(B$2:B$38,5),B$2:B$38,0)) | I6: =SMALL(B$2:B$38,5)
A7: ='Mosque Performance'!B7 | B7: ='Mosque Performance'!AB7
A8: ='Mosque Performance'!B8 | B8: ='Mosque Performance'!AB8
A9: ='Mosque Performance'!B9 | B9: ='Mosque Performance'!AB9
A10: ='Mosque Performance'!B10 | B10: ='Mosque Performance'!AB10
A11: ='Mosque Performance'!B11 | B11: ='Mosque Performance'!AB11
A12: ='Mosque Performance'!B12 | B12: ='Mosque Performance'!AB12
A13: ='Mosque Performance'!B13 | B13: ='Mosque Performance'!AB13
A14: ='Mosque Performance'!B14 | B14: ='Mosque Performance'!AB14
A15: ='Mosque Performance'!B15 | B15: ='Mosque Performance'!AB15
A16: ='Mosque Performance'!B16 | B16: ='Mosque Performance'!AB16
A17: ='Mosque Performance'!B17 | B17: ='Mosque Performance'!AB17
A18: ='Mosque Performance'!B18 | B18: ='Mosque Performance'!AB18
... A38: ='Mosque Performance'!B38 | B38: ='Mosque Performance'!AB38

Sheet Markaz Report
A1: Markaz Consolidated Report
A3: Total Mosques | B3: =COUNTA('Mosque Performance'!B2:B38)
A4: Average Performance Score | B4: =AVERAGE('Mosque Performance'!AB2:AB38)
A5: Highest Score | B5: =MAX('Mosque Performance'!AB2:AB38)
A6: Lowest Score | B6: =MIN('Mosque Performance'!AB2:AB38)
A7: Mosques Above 80 | B7: =COUNTIF('Mosque Performance'!AB2:AB38,">=80")
A8: Mosques Below 50 | B8: =COUNTIF('Mosque Performance'!AB2:AB38,"<50")
